tag,author,quote,scrape_timestamp,url
love,André Gide, “It is better to be hated for what you are than to be loved for what you are not.”, 2026-06-15 22:31:16, https://quotes.toscrape.com/tag/love/page/1
love,Marilyn Monroe, “This life is what you make it. No matter what, you're going to mess up sometimes, it's a universal truth. But the good part is you get to decide how you're going to mess it up. Girls will be your friends - they'll act like it anyway. But just remember, some come, some go. The ones that stay with you through everything - they're your true best friends. Don't let go of them. Also remember, sisters make the best friends in the world. As for lovers, well, they'll come and go too. And baby, I hate to say it, most of them - actually pretty much all of them are going to break your heart, but you can't give up because if you give up, you'll never find your soulmate. You'll never find that half who makes you whole and that goes for everything. Just because you fail once, doesn't mean you're gonna fail at everything. Keep trying, hold on, and always, always, always believe in yourself, because if you don't, then who will, sweetie? So keep your head high, keep your chin up, and most importantly, keep smiling, because life's a beautiful thing and there's so much to smile about.”, 2026-06-15 22:31:16, https://quotes.toscrape.com/tag/love/page/1
love,Bob Marley, “You may not be her first, her last, or her only. She loved before she may love again. But if she loves you now, what else matters? She's not perfect—you aren't either, and the two of you may never be perfect together but if she can make you laugh, cause you to think twice, and admit to being human and making mistakes, hold onto her and give her the most you can. She may not be thinking about you every second of the day, but she will give you a part of her that she knows you can break—her heart. So don't hurt her, don't change her, don't analyze and don't expect more than she can give. Smile when she makes you happy, let her know when she makes you mad, and miss her when she's not there.”, 2026-06-15 22:31:16, https://quotes.toscrape.com/tag/love/page/1
love,Elie Wiesel, “The opposite of love is not hate, it's indifference. The opposite of art is not ugliness, it's indifference. The opposite of faith is not heresy, it's indifference. And the opposite of life is not death, it's indifference.”, 2026-06-15 22:31:16, https://quotes.toscrape.com/tag/love/page/1
love,Friedrich Nietzsche, “It is not a lack of love, but a lack of friendship that makes unhappy marriages.”, 2026-06-15 22:31:16, https://quotes.toscrape.com/tag/love/page/1
love,Pablo Neruda, “I love you without knowing how, or when, or from where. I love you simply, without problems or pride: I love you in this way because I do not know any other way of loving but this, in which there is no I or you, so intimate that your hand upon my chest is my hand, so intimate that when I fall asleep your eyes close.”, 2026-06-15 22:31:16, https://quotes.toscrape.com/tag/love/page/1
love,Marilyn Monroe, “If you can make a woman laugh, you can make her do anything.”, 2026-06-15 22:31:16, https://quotes.toscrape.com/tag/love/page/1
love,Marilyn Monroe, “The real lover is the man who can thrill you by kissing your forehead or smiling into your eyes or just staring into space.”, 2026-06-15 22:31:16, https://quotes.toscrape.com/tag/love/page/1
love,James Baldwin, “Love does not begin and end the way we seem to think it does. Love is a battle, love is a war; love is a growing up.”, 2026-06-15 22:31:16, https://quotes.toscrape.com/tag/love/page/1
love,Jane Austen, “There is nothing I would not do for those who are really my friends. I have no notion of loving people by halves, it is not my nature.”, 2026-06-15 22:31:16, https://quotes.toscrape.com/tag/love/page/1
love,C.S. Lewis, “To love at all is to be vulnerable. Love anything and your heart will be wrung and possibly broken. If you want to make sure of keeping it intact you must give it to no one, not even an animal. Wrap it carefully round with hobbies and little luxuries; avoid all entanglements. Lock it up safe in the casket or coffin of your selfishness. But in that casket, safe, dark, motionless, airless, it will change. It will not be broken; it will become unbreakable, impenetrable, irredeemable. To love is to be vulnerable.”, 2026-06-15 22:31:17, https://quotes.toscrape.com/tag/love/page/2
love,Alfred Tennyson, “If I had a flower for every time I thought of you...I could walk through my garden forever.”, 2026-06-15 22:31:17, https://quotes.toscrape.com/tag/love/page/2
love,Jane Austen, “A lady's imagination is very rapid; it jumps from admiration to love, from love to matrimony in a moment.”, 2026-06-15 22:31:17, https://quotes.toscrape.com/tag/love/page/2
love,J.M. Barrie, “To die will be an awfully big adventure.”, 2026-06-15 22:31:17, https://quotes.toscrape.com/tag/love/page/2
inspirational,Albert Einstein, “There are only two ways to live your life. One is as though nothing is a miracle. The other is as though everything is a miracle.”, 2026-06-15 22:31:18, https://quotes.toscrape.com/tag/inspirational/page/1
inspirational,Marilyn Monroe, “Imperfection is beauty, madness is genius and it's better to be absolutely ridiculous than absolutely boring.”, 2026-06-15 22:31:18, https://quotes.toscrape.com/tag/inspirational/page/1
inspirational,Thomas A. Edison, “I have not failed. I've just found 10,000 ways that won't work.”, 2026-06-15 22:31:18, https://quotes.toscrape.com/tag/inspirational/page/1
inspirational,Marilyn Monroe, “This life is what you make it. No matter what, you're going to mess up sometimes, it's a universal truth. But the good part is you get to decide how you're going to mess it up. Girls will be your friends - they'll act like it anyway. But just remember, some come, some go. The ones that stay with you through everything - they're your true best friends. Don't let go of them. Also remember, sisters make the best friends in the world. As for lovers, well, they'll come and go too. And baby, I hate to say it, most of them - actually pretty much all of them are going to break your heart, but you can't give up because if you give up, you'll never find your soulmate. You'll never find that half who makes you whole and that goes for everything. Just because you fail once, doesn't mean you're gonna fail at everything. Keep trying, hold on, and always, always, always believe in yourself, because if you don't, then who will, sweetie? So keep your head high, keep your chin up, and most importantly, keep smiling, because life's a beautiful thing and there's so much to smile about.”, 2026-06-15 22:31:18, https://quotes.toscrape.com/tag/inspirational/page/1
inspirational,Elie Wiesel, “The opposite of love is not hate, it's indifference. The opposite of art is not ugliness, it's indifference. The opposite of faith is not heresy, it's indifference. And the opposite of life is not death, it's indifference.”, 2026-06-15 22:31:18, https://quotes.toscrape.com/tag/inspirational/page/1
inspirational,J.K. Rowling, “To the well-organized mind, death is but the next great adventure.”, 2026-06-15 22:31:18, https://quotes.toscrape.com/tag/inspirational/page/1
inspirational,George Eliot, “It is never too late to be what you might have been.”, 2026-06-15 22:31:18, https://quotes.toscrape.com/tag/inspirational/page/1
inspirational,C.S. Lewis, “You can never get a cup of tea large enough or a book long enough to suit me.”, 2026-06-15 22:31:18, https://quotes.toscrape.com/tag/inspirational/page/1
inspirational,Martin Luther King Jr., “Only in the darkness can you see the stars.”, 2026-06-15 22:31:18, https://quotes.toscrape.com/tag/inspirational/page/1
inspirational,Helen Keller, “When one door of happiness closes, another opens; but often we look so long at the closed door that we do not see the one which has been opened for us.”, 2026-06-15 22:31:18, https://quotes.toscrape.com/tag/inspirational/page/1
inspirational,George Bernard Shaw, “Life isn't about finding yourself. Life is about creating yourself.”, 2026-06-15 22:31:19, https://quotes.toscrape.com/tag/inspirational/page/2
inspirational,John Lennon, “You may say I'm a dreamer, but I'm not the only one. I hope someday you'll join us. And the world will live as one.”, 2026-06-15 22:31:19, https://quotes.toscrape.com/tag/inspirational/page/2
inspirational,Dr. Seuss, “A person's a person, no matter how small.”, 2026-06-15 22:31:19, https://quotes.toscrape.com/tag/inspirational/page/2
life,Albert Einstein, “There are only two ways to live your life. One is as though nothing is a miracle. The other is as though everything is a miracle.”, 2026-06-15 22:31:20, https://quotes.toscrape.com/tag/life/page/1
life,André Gide, “It is better to be hated for what you are than to be loved for what you are not.”, 2026-06-15 22:31:20, https://quotes.toscrape.com/tag/life/page/1
life,Marilyn Monroe, “This life is what you make it. No matter what, you're going to mess up sometimes, it's a universal truth. But the good part is you get to decide how you're going to mess it up. Girls will be your friends - they'll act like it anyway. But just remember, some come, some go. The ones that stay with you through everything - they're your true best friends. Don't let go of them. Also remember, sisters make the best friends in the world. As for lovers, well, they'll come and go too. And baby, I hate to say it, most of them - actually pretty much all of them are going to break your heart, but you can't give up because if you give up, you'll never find your soulmate. You'll never find that half who makes you whole and that goes for everything. Just because you fail once, doesn't mean you're gonna fail at everything. Keep trying, hold on, and always, always, always believe in yourself, because if you don't, then who will, sweetie? So keep your head high, keep your chin up, and most importantly, keep smiling, because life's a beautiful thing and there's so much to smile about.”, 2026-06-15 22:31:20, https://quotes.toscrape.com/tag/life/page/1
life,Douglas Adams, “I may not have gone where I intended to go, but I think I have ended up where I needed to be.”, 2026-06-15 22:31:20, https://quotes.toscrape.com/tag/life/page/1
life,Mark Twain, “Good friends, good books, and a sleepy conscience: this is the ideal life.”, 2026-06-15 22:31:20, https://quotes.toscrape.com/tag/life/page/1
life,Allen Saunders, “Life is what happens to us while we are making other plans.”, 2026-06-15 22:31:20, https://quotes.toscrape.com/tag/life/page/1
life,Dr. Seuss, “Today you are You, that is truer than true. There is no one alive who is Youer than You.”, 2026-06-15 22:31:20, https://quotes.toscrape.com/tag/life/page/1
life,Albert Einstein, “Life is like riding a bicycle. To keep your balance, you must keep moving.”, 2026-06-15 22:31:20, https://quotes.toscrape.com/tag/life/page/1
life,George Bernard Shaw, “Life isn't about finding yourself. Life is about creating yourself.”, 2026-06-15 22:31:20, https://quotes.toscrape.com/tag/life/page/1
life,Ralph Waldo Emerson, “Finish each day and be done with it. You have done what you could. Some blunders and absurdities no doubt crept in; forget them as soon as you can. Tomorrow is a new day. You shall begin it serenely and with too high a spirit to be encumbered with your old nonsense.”, 2026-06-15 22:31:20, https://quotes.toscrape.com/tag/life/page/1
life,Mark Twain, “The fear of death follows from the fear of life. A man who lives fully is prepared to die at any time.”, 2026-06-15 22:31:21, https://quotes.toscrape.com/tag/life/page/2
life,Jimi Hendrix, “I'm the one that's got to die when it's time for me to die, so let me live my life the way I want to.”, 2026-06-15 22:31:21, https://quotes.toscrape.com/tag/life/page/2
life,Khaled Hosseini, “But better to get hurt by the truth than comforted with a lie.”, 2026-06-15 22:31:21, https://quotes.toscrape.com/tag/life/page/2
humor,Jane Austen, “The person, be it gentleman or lady, who has not pleasure in a good novel, must be intolerably stupid.”, 2026-06-15 22:31:23, https://quotes.toscrape.com/tag/humor/page/1
humor,Steve Martin, “A day without sunshine is like, you know, night.”, 2026-06-15 22:31:23, https://quotes.toscrape.com/tag/humor/page/1
humor,Garrison Keillor, “Anyone who thinks sitting in church can make you a Christian must also think that sitting in a garage can make you a car.”, 2026-06-15 22:31:23, https://quotes.toscrape.com/tag/humor/page/1
humor,Jim Henson, “Beauty is in the eye of the beholder and it may be necessary from time to time to give a stupid or misinformed beholder a black eye.”, 2026-06-15 22:31:23, https://quotes.toscrape.com/tag/humor/page/1
humor,Charles M. Schulz, “All you need is love. But a little chocolate now and then doesn't hurt.”, 2026-06-15 22:31:23, https://quotes.toscrape.com/tag/humor/page/1
humor,Suzanne Collins, “Remember, we're madly in love, so it's all right to kiss me anytime you feel like it.”, 2026-06-15 22:31:23, https://quotes.toscrape.com/tag/humor/page/1
humor,Charles Bukowski, “Some people never go crazy. What truly horrible lives they must lead.”, 2026-06-15 22:31:23, https://quotes.toscrape.com/tag/humor/page/1
humor,Terry Pratchett, “The trouble with having an open mind, of course, is that people will insist on coming along and trying to put things in it.”, 2026-06-15 22:31:23, https://quotes.toscrape.com/tag/humor/page/1
humor,Dr. Seuss, “Think left and think right and think low and think high. Oh, the thinks you can think up if only you try!”, 2026-06-15 22:31:23, https://quotes.toscrape.com/tag/humor/page/1
humor,George Carlin, “The reason I talk to myself is because I’m the only one whose answers I accept.”, 2026-06-15 22:31:23, https://quotes.toscrape.com/tag/humor/page/1
humor,W.C. Fields, “I am free of all prejudice. I hate everyone equally. ”, 2026-06-15 22:31:24, https://quotes.toscrape.com/tag/humor/page/2
humor,Jane Austen, “A lady's imagination is very rapid; it jumps from admiration to love, from love to matrimony in a moment.”, 2026-06-15 22:31:24, https://quotes.toscrape.com/tag/humor/page/2
books,Jane Austen, “The person, be it gentleman or lady, who has not pleasure in a good novel, must be intolerably stupid.”, 2026-06-15 22:31:27, https://quotes.toscrape.com/tag/books/page/1
books,Mark Twain, “Good friends, good books, and a sleepy conscience: this is the ideal life.”, 2026-06-15 22:31:27, https://quotes.toscrape.com/tag/books/page/1
books,Jorge Luis Borges, “I have always imagined that Paradise will be a kind of library.”, 2026-06-15 22:31:27, https://quotes.toscrape.com/tag/books/page/1
books,C.S. Lewis, “You can never get a cup of tea large enough or a book long enough to suit me.”, 2026-06-15 22:31:27, https://quotes.toscrape.com/tag/books/page/1
books,Haruki Murakami, “If you only read the books that everyone else is reading, you can only think what everyone else is thinking.”, 2026-06-15 22:31:27, https://quotes.toscrape.com/tag/books/page/1
books,Ernest Hemingway, “There is no friend as loyal as a book.”, 2026-06-15 22:31:28, https://quotes.toscrape.com/tag/books/page/1
books,J.D. Salinger, “What really knocks me out is a book that, when you're all done reading it, you wish the author that wrote it was a terrific friend of yours and you could call him up on the phone whenever you felt like it. That doesn't happen much, though.”, 2026-06-15 22:31:28, https://quotes.toscrape.com/tag/books/page/1
books,Mark Twain, “′Classic′ - a book which people praise and don't read.”, 2026-06-15 22:31:28, https://quotes.toscrape.com/tag/books/page/1
books,Jane Austen, “I declare after all there is no enjoyment like reading! How much sooner one tires of any thing than of a book! -- When I have a house of my own, I shall be miserable if I have not an excellent library.”, 2026-06-15 22:31:28, https://quotes.toscrape.com/tag/books/page/1
books,Madeleine L'Engle, “You have to write the book that wants to be written. And if the book will be too difficult for grown-ups, then you write it for children.”, 2026-06-15 22:31:28, https://quotes.toscrape.com/tag/books/page/1
books,George R.R. Martin, “... a mind needs books as a sword needs a whetstone, if it is to keep its edge.”, 2026-06-15 22:31:32, https://quotes.toscrape.com/tag/books/page/2
reading,Dr. Seuss, “The more that you read, the more things you will know. The more that you learn, the more places you'll go.”, 2026-06-15 22:31:44, https://quotes.toscrape.com/tag/reading/page/1
reading,William Nicholson, “We read to know we're not alone.”, 2026-06-15 22:31:44, https://quotes.toscrape.com/tag/reading/page/1
reading,George R.R. Martin, “A reader lives a thousand lives before he dies, said Jojen. The man who never reads lives only one.”, 2026-06-15 22:31:44, https://quotes.toscrape.com/tag/reading/page/1
reading,C.S. Lewis, “You can never get a cup of tea large enough or a book long enough to suit me.”, 2026-06-15 22:31:44, https://quotes.toscrape.com/tag/reading/page/1
reading,J.D. Salinger, “What really knocks me out is a book that, when you're all done reading it, you wish the author that wrote it was a terrific friend of yours and you could call him up on the phone whenever you felt like it. That doesn't happen much, though.”, 2026-06-15 22:31:44, https://quotes.toscrape.com/tag/reading/page/1
reading,Mark Twain, “′Classic′ - a book which people praise and don't read.”, 2026-06-15 22:31:44, https://quotes.toscrape.com/tag/reading/page/1
reading,Jane Austen, “I declare after all there is no enjoyment like reading! How much sooner one tires of any thing than of a book! -- When I have a house of my own, I shall be miserable if I have not an excellent library.”, 2026-06-15 22:31:44, https://quotes.toscrape.com/tag/reading/page/1
friendship,Friedrich Nietzsche, “It is not a lack of love, but a lack of friendship that makes unhappy marriages.”, 2026-06-15 22:31:46, https://quotes.toscrape.com/tag/friendship/page/1
friendship,Mark Twain, “Good friends, good books, and a sleepy conscience: this is the ideal life.”, 2026-06-15 22:31:46, https://quotes.toscrape.com/tag/friendship/page/1
friendship,Bob Marley, “The truth is, everyone is going to hurt you. You just got to find the ones worth suffering for.”, 2026-06-15 22:31:46, https://quotes.toscrape.com/tag/friendship/page/1
friendship,Jane Austen, “There is nothing I would not do for those who are really my friends. I have no notion of loving people by halves, it is not my nature.”, 2026-06-15 22:31:46, https://quotes.toscrape.com/tag/friendship/page/1
friendship,Alfred Tennyson, “If I had a flower for every time I thought of you...I could walk through my garden forever.”, 2026-06-15 22:31:46, https://quotes.toscrape.com/tag/friendship/page/1
friends,Marilyn Monroe, “This life is what you make it. No matter what, you're going to mess up sometimes, it's a universal truth. But the good part is you get to decide how you're going to mess it up. Girls will be your friends - they'll act like it anyway. But just remember, some come, some go. The ones that stay with you through everything - they're your true best friends. Don't let go of them. Also remember, sisters make the best friends in the world. As for lovers, well, they'll come and go too. And baby, I hate to say it, most of them - actually pretty much all of them are going to break your heart, but you can't give up because if you give up, you'll never find your soulmate. You'll never find that half who makes you whole and that goes for everything. Just because you fail once, doesn't mean you're gonna fail at everything. Keep trying, hold on, and always, always, always believe in yourself, because if you don't, then who will, sweetie? So keep your head high, keep your chin up, and most importantly, keep smiling, because life's a beautiful thing and there's so much to smile about.”, 2026-06-15 22:31:47, https://quotes.toscrape.com/tag/friends/page/1
friends,J.K. Rowling, “It takes a great deal of bravery to stand up to our enemies, but just as much to stand up to our friends.”, 2026-06-15 22:31:47, https://quotes.toscrape.com/tag/friends/page/1
friends,Mark Twain, “Good friends, good books, and a sleepy conscience: this is the ideal life.”, 2026-06-15 22:31:47, https://quotes.toscrape.com/tag/friends/page/1
friends,Ernest Hemingway, “There is no friend as loyal as a book.”, 2026-06-15 22:31:47, https://quotes.toscrape.com/tag/friends/page/1
truth,George Carlin, “The reason I talk to myself is because I’m the only one whose answers I accept.”, 2026-06-15 22:31:48, https://quotes.toscrape.com/tag/truth/page/1
truth,Mark Twain, “A lie can travel half way around the world while the truth is putting on its shoes.”, 2026-06-15 22:31:48, https://quotes.toscrape.com/tag/truth/page/1
truth,J.K. Rowling, “The truth." Dumbledore sighed. "It is a beautiful and terrible thing, and should therefore be treated with great caution.”, 2026-06-15 22:31:48, https://quotes.toscrape.com/tag/truth/page/1
truth,Mark Twain, “Never tell the truth to people who are not worthy of it.”, 2026-06-15 22:31:48, https://quotes.toscrape.com/tag/truth/page/1
simile,Steve Martin, “A day without sunshine is like, you know, night.”, 2026-06-15 22:31:49, https://quotes.toscrape.com/tag/simile/page/1
simile,Albert Einstein, “Life is like riding a bicycle. To keep your balance, you must keep moving.”, 2026-06-15 22:31:49, https://quotes.toscrape.com/tag/simile/page/1
simile,Stephenie Meyer, “He's like a drug for you, Bella.”, 2026-06-15 22:31:49, https://quotes.toscrape.com/tag/simile/page/1
